name,email,city
keshav kumar,keshavverma4721999@gmail.com,champaran
Jan Duggan,jduggan1@themeforest.net,Chapultepec
Constantino Rudman,crudman2@g.co,Údlice
Sherman Buye,sbuye3@tmall.com,Pirca
Svend Bum,sbum4@w3.org,Iturama
Darleen Grayne,dgrayne5@gmpg.org,Francisco Sarabia
Johannes Brazear,jbrazear6@fc2.com,Gävle
Trisha Davion,tdavion7@unicef.org,Rudky
Gates Pothecary,gpothecary8@photobucket.com,Zhengyangshan
Edeline Cluff,ecluff9@dagondesign.com,Batuna Satu
Clarey Yare,cyarea@booking.com,Youlan
Allan Andrin,aandrinb@latimes.com,Uppsala
Micheil Brunke,mbrunkec@nydailynews.com,Jambean
Etty Ajam,eajamd@bluehost.com,Susapaya
Julianne Gaven,jgavene@bing.com,Nakatsugawa
Hugh Freeburn,hfreeburnf@va.gov,Cikaung
Tabbatha Beaman,tbeamang@dell.com,Fujisawa
Tonnie Purser,tpurserh@ifeng.com,Tha Luang
Bertie Bundock,bbundocki@slideshare.net,Guihulñgan
Heath Casbon,hcasbonj@tripod.com,Sutton
Yasmin Burroughes,yburroughesk@woothemes.com,Condoroma
Gladys Bazell,gbazelll@statcounter.com,Al Khārijah
Klement Marsie,kmarsiem@forbes.com,Keleng
Coreen Behnke,cbehnken@virginia.edu,Katori-shi
Norrie Schimank,nschimanko@amazon.co.jp,Bodø
Idaline Moyers,imoyersp@ucoz.ru,Dayuan
Chev Mawer,cmawerq@google.com.hk,Caraguatatuba
Abran McCullouch,amccullouchr@timesonline.co.uk,Paitan Norte
Xavier Seamans,xseamanss@ning.com,Garupá
Sayers Saw,ssawt@google.nl,Junín
Clayborn Wesley,cwesleyu@boston.com,Velizh
Paola Sartain,psartainv@reference.com,Belūsovka
Derrick MacAllen,dmacallenw@nymag.com,Xaçmaz
Sophey Ceschini,sceschinix@uol.com.br,Dahe
Aldous Brooks,abrooksy@fotki.com,Västerås
Heinrick Duchart,hduchartz@noaa.gov,Jenesano
Rivi Ducker,rducker10@51.la,Ponoka
Cordula Tout,ctout11@flickr.com,Karantaba
Margaretha Pischoff,mpischoff12@github.io,Wan’an
Charity Stenet,cstenet13@google.com.au,Bantar Tengah
Tera Brookwell,tbrookwell14@surveymonkey.com,Greensboro
Dawn Pledge,dpledge15@smugmug.com,Haoxin
Editha Billinge,ebillinge16@walmart.com,Nazareth
Tilda Epinay,tepinay17@google.co.jp,Pocora
Allin Carverhill,acarverhill18@un.org,Khombole
Willy Domnin,wdomnin19@patch.com,Águas de Lindóia
Dorelle Caplan,dcaplan1a@spotify.com,Zhufo
Shannen Crisford,scrisford1b@hibu.com,Butubut Norte
Manda Maisey,mmaisey1c@nature.com,Hpa-an
Liliane Wimbridge,lwimbridge1d@mayoclinic.com,Kassándreia
Mohammed Leatt,mleatt1e@umn.edu,Semang
Urban Cherry,ucherry1f@dion.ne.jp,Changfa
Benedetta Schach,bschach1g@myspace.com,Luklukan
Padget Pietz,ppietz1h@purevolume.com,Balykchy
Rik Priest,rpriest1i@facebook.com,Zhangfang
Lenore Gilfoy,lgilfoy1j@amazon.de,Governor’s Harbour
Aubrie Itscovitz,aitscovitz1k@constantcontact.com,Stěžery
Warner Kerner,wkerner1l@jugem.jp,Shakhun’ya
Kele Pudding,kpudding1m@barnesandnoble.com,Sayaxché
Stillman Glendzer,sglendzer1n@indiegogo.com,Iroquois Falls
Gertrud Crowest,gcrowest1o@cnbc.com,Naranjos
Ettore Geaves,egeaves1p@example.com,Bamut
Rebeca Nossent,rnossent1q@163.com,Arbuzynka
Filberto Douthwaite,fdouthwaite1r@nasa.gov,Calde
Jolene Hansford,jhansford1s@about.me,Miguel Hidalgo
Rory Heningham,rheningham1t@amazon.co.uk,Gatak
Marten Waple,mwaple1u@nih.gov,Shangtian
Serene Crohan,scrohan1v@usatoday.com,Camajuaní
Neils O'Doran,nodoran1w@ox.ac.uk,Yangwei
Bone Helin,bhelin1x@hc360.com,Springfield
Zahara Stearley,zstearley1y@wordpress.org,Laranjeiras
Rhett Rue,rrue1z@spiegel.de,Jinglou
Burty Kynaston,bkynaston20@nytimes.com,Dongchuan
Giffie Chatres,gchatres21@goodreads.com,Yingmaili
Pammy Posthill,pposthill22@youku.com,Veles
Auroora Knibb,aknibb23@angelfire.com,Quilpué
Rollins Lindemann,rlindemann24@flavors.me,San Marcos
Agnola Winterton,awinterton25@typepad.com,Meishan
Claudio Dulen,cdulen26@shutterfly.com,Dundrum
Sharity Grinter,sgrinter27@miibeian.gov.cn,Toulouse
Dino Leah,dleah28@harvard.edu,Amper
Jackquelin People,jpeople29@ox.ac.uk,Zeqin
Evvy Blannin,eblannin2a@prweb.com,Grigoropolisskaya
Margarete Gilardoni,mgilardoni2b@nationalgeographic.com,Cotahuasi
Malanie Parrett,mparrett2c@gravatar.com,Cabo Frio
Hillyer Bottomer,hbottomer2d@usda.gov,Dongzha
Claudio Mobbs,cmobbs2e@reuters.com,Villa Allende
Sioux Bridson,sbridson2f@mediafire.com,Jincheng
Jodi Boate,jboate2g@fastcompany.com,Liulin
Rochella Goadsby,rgoadsby2h@mozilla.com,Yeghegnut
Brita Eleshenar,beleshenar2i@fastcompany.com,Ayamaru
Ki Bachelor,kbachelor2j@wordpress.com,Thị Trấn Văn Quan
Annalise Frunks,afrunks2k@spiegel.de,Mulyadadi
Magdalen Methven,mmethven2l@cnet.com,Shuanghe
Beryl Atton,batton2m@reverbnation.com,Tangwang
Melina Cano,mcano2n@bloomberg.com,Ambelón
Ad Robiot,arobiot2o@wp.com,Ryazan’
Eleonora Franiak,efraniak2p@seattletimes.com,Xitan
Irwinn Order,iorder2q@va.gov,Nonsan
Krysta Polle,kpolle2r@nih.gov,Capacho Nuevo
Jori Browell,jbrowell2s@about.me,Liangshuijing
Holli Golling,hgolling2t@indiatimes.com,Ebebiyin
Jemmy Edgin,jedgin2u@sciencedaily.com,Monte de Trigo
Robby Gonnin,rgonnin2v@w3.org,Ngeni
Bard Belcher,bbelcher2w@qq.com,Wudabao
Andrey Kibbel,akibbel2x@yahoo.com,Cerava
Brandy Kimbley,bkimbley2y@rakuten.co.jp,Mishan
Roxane Samet,rsamet2z@vistaprint.com,Kuluran
Bradney Seamen,bseamen30@smh.com.au,Lincoln
Tilda Giovanetti,tgiovanetti31@yolasite.com,Otterburn Park
Clari Swiers,cswiers32@cocolog-nifty.com,Belanting
Magdaia Mullarkey,mmullarkey33@1und1.de,Fontainhas
Mohammed Morgon,mmorgon34@de.vu,Mucurapo
Jayne Cotillard,jcotillard35@phoca.cz,Storvik
Verney Condell,vcondell36@nih.gov,Hainan
Dore Lindsley,dlindsley37@cam.ac.uk,Koronowo
Ediva Thumim,ethumim38@sourceforge.net,Pasonobenu
Florinda Wotherspoon,fwotherspoon39@dropbox.com,Nangewer
Weston McCane,wmccane3a@umich.edu,Cirahab
Merrielle Rean,mrean3b@canalblog.com,Gabasumdo
Bebe Mantione,bmantione3c@umn.edu,Paris 05
Clifford Orman,corman3d@wikia.com,Orsha
Gwyn Hatherell,ghatherell3e@usa.gov,Siukh
Nelia Spincke,nspincke3f@nih.gov,Kilju
Johnna Merrien,jmerrien3g@amazon.com,Rio Negro
Judi Odgaard,jodgaard3h@nbcnews.com,Tongole
Manon Tabart,mtabart3i@wsj.com,Grand Junction
Chloris Humpatch,chumpatch3j@china.com.cn,Saraburi
Gabby Andreone,gandreone3k@wufoo.com,Andilamena
Tracey Summerell,tsummerell3l@irs.gov,Lianhua
Jude Sparling,jsparling3m@stumbleupon.com,Penalva de Alva
Hana Aris,haris3n@china.com.cn,Shamkhor
Madison Prinett,mprinett3o@unc.edu,Shuangjie
Gaspar Croose,gcroose3p@latimes.com,Wulingyuan
Bobbe Whatson,bwhatson3q@yahoo.co.jp,Gumel
Janina Breffit,jbreffit3r@geocities.com,Wangcun
Eyde Jacquemet,ejacquemet3s@eventbrite.com,Kabar Utara
Adrianna Rawsthorn,arawsthorn3t@wikipedia.org,San Ramon
Cheston Tittershill,ctittershill3u@ezinearticles.com,Huaqiao
Bram Steventon,bsteventon3v@ow.ly,Oymak
Chen Atlay,catlay3w@biglobe.ne.jp,Changzheng
Gilda Burman,gburman3x@nasa.gov,Grojec
Ronald Bramwell,rbramwell3y@xinhuanet.com,Taoshan
Lutero Duer,lduer3z@disqus.com,Jesús Menéndez
Inge Zorener,izorener40@ted.com,Cipicung
Sarene Corkhill,scorkhill41@example.com,Sofifi
Ilysa Graves,igraves42@ebay.co.uk,Pichilemu
Silvano Hulland,shulland43@amazon.co.jp,Trollhättan
Elana Kowal,ekowal44@nytimes.com,Borovikha
Lavina Hearon,lhearon45@storify.com,Kokagax
Sigvard Ffrench,sffrench46@quantcast.com,Thanh Ba
Mal Lorenzini,mlorenzini47@oracle.com,Hannō
Tallulah Maier,tmaier48@pen.io,Cimanggu
Lionel Roalfe,lroalfe49@rambler.ru,Tiandian
Hakeem Odney,hodney4a@npr.org,Sukamantri Satu
Isac Gowar,igowar4b@princeton.edu,Springfield
Zared Kissack,zkissack4c@usa.gov,Medzhibozh
Doroteya Raulstone,draulstone4d@slideshare.net,Wengyang
Meir Plain,mplain4e@sina.com.cn,Tarnogskiy Gorodok
Wileen Ballance,wballance4f@meetup.com,Mababanaba
Vincenz Covendon,vcovendon4g@cmu.edu,Ake-Eze
Wileen Durran,wdurran4h@fotki.com,Mont-Saint-Aignan
Glynda Ickowicz,gickowicz4i@wp.com,Maple Creek
Patience Westmoreland,pwestmoreland4j@feedburner.com,Wodzisław Śląski
Karyl Oller,koller4k@sun.com,East Migpulao
Eliot Foltin,efoltin4l@yolasite.com,Dallas
Annnora Claesens,aclaesens4m@yahoo.com,Wiset Chaichan
Dewitt Elmar,delmar4n@loc.gov,Orekhovo-Zuyevo
Christin Atger,catger4o@github.com,Suna
Harli Gerok,hgerok4p@senate.gov,Mirovka
Kamilah Carnilian,kcarnilian4q@nytimes.com,Paghmān
Arabela Swyre,aswyre4r@pbs.org,Middleton
Lucita Knyvett,lknyvett4s@mediafire.com,Paracuru
Dasi Jiras,djiras4t@wordpress.org,Oodweyne
Roger Tejada,rtejada4u@shareasale.com,Pasirmanggu
Martino Pounds,mpounds4v@ox.ac.uk,Anda
Willey Ambroziak,wambroziak4w@yale.edu,Stockholm
Budd Scott,bscott4x@drupal.org,Choloma
Brooks Vasilevich,bvasilevich4y@discuz.net,Skolkovo
Harland Vickress,hvickress4z@squidoo.com,Bailan
Justino Impy,jimpy50@dropbox.com,Örebro
Nelly Menego,nmenego51@thetimes.co.uk,Nevyts’ke
Danell Dewick,ddewick52@yale.edu,Popasna
Jocelyn Lishmund,jlishmund53@army.mil,Saint-Pierre
Rosabella Pumphrey,rpumphrey54@admin.ch,Ḩammām Wāşil
Tomas McCrainor,tmccrainor55@plala.or.jp,Nueve de Julio
Nestor Shera,nshera56@unesco.org,Xin’an
Candide Towne,ctowne57@wp.com,Karangjaladri
Artemas Albisser,aalbisser58@gmpg.org,Ghār al Milḩ
Ely Sparks,esparks59@pen.io,Chuntai
Gert Mushart,gmushart5a@google.fr,Opi
Chrysler Phelan,cphelan5b@amazon.de,Inhambupe
Letta Raggatt,lraggatt5c@answers.com,Ordynskoye
Georgie Wilber,gwilber5d@github.io,Paranaíba
Drake Stammirs,dstammirs5e@fda.gov,Marabahan
Thorn Terran,tterran5f@blogspot.com,Mohoro
Effie Auten,eauten5g@dot.gov,Tokorozawa
Kelcy Bouch,kbouch5h@mapquest.com,Hongsi
Erin Tourmell,etourmell5i@wikimedia.org,Vannes
Theresa Bardsley,tbardsley5j@sun.com,Nofoali‘i
Adolpho Checo,acheco5k@ted.com,Apitong
Anton Bleasdille,ableasdille5l@51.la,Ujungpangkah
Adeline Anker,aanker5m@imdb.com,Paramaribo
Ave Crowthe,acrowthe5n@woothemes.com,Dukou
Audre Moules,amoules5o@stanford.edu,San Rafael del Sur
Norrie Gradley,ngradley5p@oracle.com,Trà My
Nikki Blaydes,nblaydes5q@behance.net,San Narciso
Yance Imlaw,yimlaw5r@time.com,Cuijiaqiao
Stern Silver,ssilver5s@who.int,Melaka
Lodovico Fellow,lfellow5t@java.com,San Jose
Scarlet Uden,suden5u@storify.com,Vyshneve
Rivy Comins,rcomins5v@telegraph.co.uk,Longshan
Brannon Cossam,bcossam5w@xing.com,Bijaepasu
Davidson Ritch,dritch5x@skyrock.com,Pasadena
Melinda Aspy,maspy5y@posterous.com,Kunčina
Yulma Ackhurst,yackhurst5z@wsj.com,San Cristóbal Verapaz
Noble Almond,nalmond60@ucsd.edu,Tongbang
Petronella O'Dowgaine,podowgaine61@gravatar.com,Marston
Lanita Sowten,lsowten62@rediff.com,Alençon
Kurtis Maddocks,kmaddocks63@chron.com,Podhum
Susan Craigheid,scraigheid64@weebly.com,Panxi
Wittie McTrustey,wmctrustey65@ihg.com,Rennes
Essa Mersh,emersh66@who.int,Yaogou
Sherman Button,sbutton67@dion.ne.jp,Pishaj
Mattias Menendes,mmenendes68@amazon.co.uk,Lahoysk
Eamon Deyes,edeyes69@bravesites.com,Zhenwen
Cari Salvati,csalvati6a@wikia.com,Novyye Cherëmushki
Kala Vivians,kvivians6b@google.cn,Martigues
Winston Ruddick,wruddick6c@spiegel.de,Kawangu Satu
Conway Dimmick,cdimmick6d@yolasite.com,Karlshamn
Evy Sowten,esowten6e@bravesites.com,Ddmashen
Charley Crosskill,ccrosskill6f@moonfruit.com,Lusk
Raynell Week,rweek6g@lulu.com,Battle Creek
Corry Shrawley,cshrawley6h@nature.com,Nemours
Reuven Mitchley,rmitchley6i@cyberchimps.com,Chuncheng
Erick Gier,egier6j@360.cn,Rawasan
Berget Grunbaum,bgrunbaum6k@privacy.gov.au,An Nāşirīyah
Osborn Figures,ofigures6l@g.co,Binhe
Belia Arsmith,barsmith6m@nhs.uk,Santa Praxedes
Noelle Aleksankin,naleksankin6n@theguardian.com,Jiqu
Launce De Clairmont,lde6o@joomla.org,Banyuurip
Efrem Churn,echurn6p@cbsnews.com,Jalatrang
Valaria Hardeman,vhardeman6q@hugedomains.com,Altenberg bei Linz
Letti Chapman,lchapman6r@japanpost.jp,Wanmingang
Aron Yerrill,ayerrill6s@joomla.org,Namora
Taddeo Mouat,tmouat6t@wp.com,Thaba Nchu
Dew Dagg,ddagg6u@stanford.edu,Wenfang
Tremain Umpleby,tumpleby6v@yellowbook.com,Pare
Gallagher Starking,gstarking6w@symantec.com,Xiamao
Mireielle Cominotti,mcominotti6x@examiner.com,Trongsa
Milly Buttriss,mbuttriss6y@privacy.gov.au,Jomsom
Oriana De Robertis,ode6z@hostgator.com,Ohafia-Ifigh
Kirk Paterno,kpaterno70@gnu.org,Göteborg
Svend Lakeman,slakeman71@woothemes.com,Tobi Village
Editha Pirrone,epirrone72@newsvine.com,Annecy-le-Vieux
Melinde Deniscke,mdeniscke73@vimeo.com,Kāleke Mandi
Tabor Staggs,tstaggs74@eepurl.com,Vuhlehirs’k
Vance Cowie,vcowie75@rakuten.co.jp,Allkaj
Melody McClenaghan,mmcclenaghan76@shop-pro.jp,Puan
Hilario Maginot,hmaginot77@netlog.com,Pineleng
Rusty Clelland,rclelland78@chicagotribune.com,Vårby
Maxi Sweet,msweet79@devhub.com,Wawer
Irene Gurys,igurys7a@sbwire.com,Yelabuga
Shana Hawkeswood,shawkeswood7b@infoseek.co.jp,Hanyuan
Justis Scollan,jscollan7c@storify.com,Sobhādero
Cherilyn Ralling,cralling7d@bbb.org,Ubaitaba
Graig Ciccarello,gciccarello7e@last.fm,Hénin-Beaumont
Tiffany Luce,tluce7f@umn.edu,Cẩm Phả
Minnnie Blenkinship,mblenkinship7g@wordpress.com,Babakan
Wilfrid Leeman,wleeman7h@elegantthemes.com,Washington
Tory Puddephatt,tpuddephatt7i@jiathis.com,Kungsbacka
Sherm Doggett,sdoggett7j@google.cn,Temirtau
Skippy Connelly,sconnelly7k@blog.com,Waterbury
Herby Peddel,hpeddel7l@elegantthemes.com,Qingshu
Pat Baildon,pbaildon7m@usnews.com,Caracol
Merill Cesco,mcesco7n@last.fm,Dongtucheng
Analise Southcombe,asouthcombe7o@cornell.edu,Bagou
Gerladina Scranedge,gscranedge7p@deviantart.com,Praia do Ribatejo
Byrann Merriman,bmerriman7q@google.co.jp,Desē
Kitty Raise,kraise7r@elegantthemes.com,El Realejo
Hort Izatt,hizatt7s@webeden.co.uk,Kholm
Michelle Larwell,mlarwell7t@blog.com,Shihui
Livia Firk,lfirk7u@pen.io,Buldon
Valencia Hebborn,vhebborn7v@sourceforge.net,Mojo
Ardis Chettle,achettle7w@privacy.gov.au,Roche-à-Bateau
Mose Cockton,mcockton7x@stumbleupon.com,Hāsilpur
Gertrud Jayne,gjayne7y@facebook.com,Täby
Helen Wortley,hwortley7z@va.gov,Bethlehem
Dilly Bailles,dbailles80@nymag.com,Frederiksberg
Ruthie Samples,rsamples81@yolasite.com,Kolonia Town
Ester Dulen,edulen82@wunderground.com,Jiworejo
Jessica Fisby,jfisby83@amazon.co.jp,Povorino
Winona Fentem,wfentem84@vistaprint.com,Sunjia Buzi
Martelle Enocksson,menocksson85@mac.com,Jianqiao
Tyrus Sothern,tsothern86@ucoz.ru,Wenling
Neddy Murt,nmurt87@goo.gl,Yanhu
Darcee Clemenzi,dclemenzi88@ox.ac.uk,Wangjiang
Sanderson Orrum,sorrum89@geocities.jp,Pueai Noi
Delainey Murrie,dmurrie8a@un.org,Bicaj
Jarrod Hubbocks,jhubbocks8b@nymag.com,Mooirivier
Noe Proppers,nproppers8c@seattletimes.com,Chyżne
Elwira Sculpher,esculpher8d@domainmarket.com,San José Acatempa
Avram Syder,asyder8e@hibu.com,Châteaurenard
Gayle Aistrop,gaistrop8f@ning.com,Gustavia
Meggie Farrans,mfarrans8g@oracle.com,Mariestad
Josephine Gartsyde,jgartsyde8h@paypal.com,La Guadalupe
Issiah Conklin,iconklin8i@salon.com,Dessalines
Vere Nash,vnash8j@pbs.org,Kaliuda
Karel Leve,kleve8k@blogger.com,Sebulu
Carol Minguet,cminguet8l@unesco.org,Dolod
Doro Bru,dbru8m@ehow.com,Cimanggu
Sandor Anneslie,sanneslie8n@google.com,Bukal
Elsie Keighley,ekeighley8o@shareasale.com,Foluo
Reggy Naseby,rnaseby8p@umich.edu,Leiyang
Duffie Funcheon,dfuncheon8q@woothemes.com,Yangzi
Vinnie Lapish,vlapish8r@buzzfeed.com,Berkovitsa
Darius Candlin,dcandlin8s@symantec.com,Hongwŏn
Nannie Gettone,ngettone8t@dyndns.org,Chashnikovo
Myles Onians,monians8u@businesswire.com,Rancharia
Reidar Meeron,rmeeron8v@blogtalkradio.com,Hetou
Pammie Dane,pdane8w@zdnet.com,São Gabriel da Cachoeira
Montague Brainsby,mbrainsby8x@domainmarket.com,Irahuan
Guthrey Mathon,gmathon8y@gnu.org,Ilha Solteira
Devy Slimings,dslimings8z@rambler.ru,Paulínia
Pen Blanking,pblanking90@ezinearticles.com,Chupa
Caritta Filchagin,cfilchagin91@gmpg.org,Paris 11
Sada Woodhead,swoodhead92@list-manage.com,Bauchi
Tilly Blakiston,tblakiston93@gravatar.com,Ploemeur
Willabella Denyagin,wdenyagin94@google.com.au,Quintã
Dennet Gillmor,dgillmor95@newyorker.com,Maisí
Kara Arrington,karrington96@wisc.edu,Futian
Wolfie Barton,wbarton97@rambler.ru,Wafang
Rolando Pomery,rpomery98@so-net.ne.jp,Semuda
Roxana Eathorne,reathorne99@skyrock.com,Patzicía
Newton Abbis,nabbis9a@360.cn,Amiens
Ted Armistead,tarmistead9b@yolasite.com,Eindhoven
Ransell O'Dowling,rodowling9c@wikia.com,Reggada
Tyrus Newland,tnewland9d@storify.com,Muaraenim
Elmer Gelardi,egelardi9e@marketwatch.com,Mandiana
Edmon Omond,eomond9f@typepad.com,Prapen
Skippie Mannooch,smannooch9g@imgur.com,Colcabamba
Steffane Arnout,sarnout9h@omniture.com,Tangkolo
Britt Hamfleet,bhamfleet9i@artisteer.com,Marco
Juieta Baroch,jbaroch9j@vinaora.com,La Broquerie
Kaine Kampshell,kkampshell9k@51.la,Šmartno pri Litiji
Jefferson Kaliszewski,jkaliszewski9l@gov.uk,San Miguel
Creighton Chieze,cchieze9m@chronoengine.com,Gaojia
Sydelle Langcaster,slangcaster9n@engadget.com,Gareba
Camilla Greenwell,cgreenwell9o@answers.com,Wangxian
Arabel Posnette,aposnette9p@fotki.com,Fukuma
Kirsten Tippler,ktippler9q@mac.com,Patrocinio
Kim Hassen,khassen9r@yelp.com,Dongming Chengguanzhen
Eada Brenstuhl,ebrenstuhl9s@webs.com,Tanamiting
Fran Parkeson,fparkeson9t@ftc.gov,Mandera
Biddy Winham,bwinham9u@tinyurl.com,Boa Vista
Roch Faucett,rfaucett9v@bluehost.com,Anbyŏn-ŭp
Larina Carlson,lcarlson9w@sogou.com,Setro
Vinny McRae,vmcrae9x@wisc.edu,Takub
Meggi Mackneis,mmackneis9y@nifty.com,Chashnikovo
Jill Ewbanck,jewbanck9z@cocolog-nifty.com,Khuean Ubonrat
Idalia Thorogood,ithorogooda0@japanpost.jp,Bella Vista
Sonia Meekin,smeekina1@baidu.com,Cambebba
Gale Castagneto,gcastagnetoa2@reddit.com,Kilindoni
Tyler Bleiman,tbleimana3@oaic.gov.au,Buri
Cass Pichmann,cpichmanna4@dyndns.org,Zlonice
Bradford Wemes,bwemesa5@soup.io,Vila Nova de Milfontes
Manon Ransbury,mransburya6@sakura.ne.jp,Ciseureuheun
Dana Muccino,dmuccinoa7@nps.gov,Edéa
Constantino Rendell,crendella8@imgur.com,Kutamandarakan
Jenica Winmill,jwinmilla9@uol.com.br,Fuyang
Veriee Arniz,varnizaa@bloglines.com,Budakovo
Ruperta Arnaldo,rarnaldoab@economist.com,Jiushe
Lezlie Breed,lbreedac@nsw.gov.au,Vatutino
Marabel Peres,mperesad@quantcast.com,Cibalung
Lanny Hiers,lhiersae@mtv.com,Dali
Gunilla Chantree,gchantreeaf@homestead.com,Lyasny
Juditha Toffoloni,jtoffoloniag@apple.com,Samphanthawong
Druci Darlison,ddarlisonah@apple.com,Zhixia
Gavrielle Lorain,glorainai@dailymail.co.uk,Londrina
Arv Yurasov,ayurasovaj@microsoft.com,Fresno
Law Alfwy,lalfwyak@prweb.com,Canedo
Rennie Soar,rsoaral@prweb.com,Örebro
Terrance Ledster,tledsteram@digg.com,Linjiang
Fania Bolduc,fbolducan@theatlantic.com,Gafanha de Aquém
Carroll Gero,cgeroao@canalblog.com,Kaduheuleut
Terrye MacAllister,tmacallisterap@dailymotion.com,Potęgowo
Jon Scrowson,jscrowsonaq@google.com.hk,Mencon
Mace Ellis,mellisar@elegantthemes.com,Sukamulya
Reginald Clawson,rclawsonas@mapy.cz,Lý Sơn
Caresa Scallon,cscallonat@flavors.me,Västerås
Theda Hunston,thunstonau@cbsnews.com,Sapouy
Mead Persich,mpersichav@prnewswire.com,Yashan
Micheline Haverson,mhaversonaw@hugedomains.com,Bailianhe
Nicolea Jolin,njolinax@state.tx.us,Si Mahosot
Fran Machel,fmachelay@hubpages.com,Hoima
Kerk Tidbald,ktidbaldaz@comsenz.com,Nam Đàn
Chandra Polini,cpolinib0@marriott.com,Coromandel
Koren Beauman,kbeaumanb1@tamu.edu,Rousínov
Lacey Sibbet,lsibbetb2@godaddy.com,Illintsi
Latisha Larmor,llarmorb3@pbs.org,Opatów
Ysabel Priestner,ypriestnerb4@acquirethisname.com,Río Pico
Vanna Mence,vmenceb5@taobao.com,Lingbeizhou
Kathy Radclyffe,kradclyffeb6@chicagotribune.com,Tirapata
Tobiah Leare,tleareb7@dagondesign.com,Khoroshëvo-Mnevniki
Nicholas Biss,nbissb8@seesaa.net,Ampasimanolotra
Willyt Kubacki,wkubackib9@unblog.fr,Pohonsirih
Theresa Kernar,tkernarba@zimbio.com,Baiyang
Vere Pallasch,vpallaschbb@merriam-webster.com,Pásion
Chickie Reburn,creburnbc@wisc.edu,Estoril
Ulrich Langley,ulangleybd@csmonitor.com,Bambali
Trey Morsley,tmorsleybe@bravesites.com,Hevlín
Dixie De la Feld,ddebf@engadget.com,Yako
Raf Tonn,rtonnbg@networksolutions.com,Sabang
Prescott Alu,palubh@sciencedirect.com,Monte Novo
Kilian Coyle,kcoylebi@va.gov,Oefau
Kin Lody,klodybj@ow.ly,El Paso
Antin Waples,awaplesbk@blogger.com,Užice
Shannon Duham,sduhambl@wired.com,Hushi
Chrissie Lottrington,clottringtonbm@ovh.net,Kalajoki
Payton Titmuss,ptitmussbn@bizjournals.com,Rio das Ostras
Tanney Marte,tmartebo@huffingtonpost.com,Alqueidão
Patrice Gleder,pglederbp@so-net.ne.jp,Pelem
Prince Steffans,psteffansbq@ucsd.edu,Ibaiti
Aeriel Girardin,agirardinbr@webnode.com,Cabriz
Torrie Jzak,tjzakbs@auda.org.au,Yong’an
Yelena Puxley,ypuxleybt@loc.gov,Yangsi
Alia Treat,atreatbu@vkontakte.ru,Cicuco
Seumas Hughill,shughillbv@biblegateway.com,Varkaus
Lib Sellar,lsellarbw@ox.ac.uk,Yanqul
Rycca McAughtrie,rmcaughtriebx@delicious.com,Lorient
Phyllys Padkin,ppadkinby@prweb.com,Las Tunas
Marinna Kegley,mkegleybz@examiner.com,Lidun
Erminia Sodor,esodorc0@dailymail.co.uk,Kaga Bandoro
Mei Grubb,mgrubbc1@bizjournals.com,Gasan
Nichol Parades,nparadesc2@prlog.org,Tagakpan
Shana Horrigan,shorriganc3@sphinn.com,Kristinehamn
Sarene Spencock,sspencockc4@mail.ru,Pohrebyshche
Emmit Haggerwood,ehaggerwoodc5@state.tx.us,Laranjeiras do Sul
Urbanus Littlewood,ulittlewoodc6@harvard.edu,Fenglai
Zoe McComiskey,zmccomiskeyc7@wiley.com,Loudun
Boy Sparkes,bsparkesc8@wiley.com,Tembeling
Gilemette Retchless,gretchlessc9@eventbrite.com,Nürnberg
Swen Andriessen,sandriessenca@ebay.com,Digkilaan
Jeremy Ogus,joguscb@bbc.co.uk,Włoszczowa
Gordan Headon,gheadoncc@squarespace.com,Changping
Abbey Berthel,aberthelcd@jiathis.com,Thorpe
Gardener Leopard,gleopardce@issuu.com,San Andrés
Vlad Tewnion,vtewnioncf@blogtalkradio.com,Itagüí
Elyssa Sergison,esergisoncg@tinyurl.com,Oullins
Yoshiko Cristofori,ycristoforich@nature.com,Chaoyangdong
Elayne Georghiou,egeorghiouci@zdnet.com,Bichena
Heriberto Jayume,hjayumecj@wix.com,Polanka Wielka
Stephannie Goudie,sgoudieck@opera.com,Kaligutan
Kathryn Aitchinson,kaitchinsoncl@intel.com,Dzel
Juan Maylard,jmaylardcm@drupal.org,Middelburg
Billye Wrintmore,bwrintmorecn@google.co.uk,Huata
Alis Santer,asanterco@vinaora.com,Lañgub
Judie Mowday,jmowdaycp@1und1.de,Ruma
Locke Burehill,lburehillcq@php.net,Tanamiting
Roseline Taft,rtaftcr@marriott.com,Concepción
Hiram Winterbourne,hwinterbournecs@delicious.com,Ailibugai
Stanwood Lightfoot,slightfootct@ehow.com,San Jose del Monte
Gherardo Hurdedge,ghurdedgecu@list-manage.com,Qingzhou
Thor Climpson,tclimpsoncv@delicious.com,Būrkah
Karlis Vlasin,kvlasincw@posterous.com,Bu‘eina
Gustave Fernely,gfernelycx@e-recht24.de,Upernavik
Caspar Yon,cyoncy@smh.com.au,Trzemeszno
Britni Olsson,bolssoncz@google.pl,Muaraenim
Emylee Bridgstock,ebridgstockd0@go.com,Seren
Adel Scoyles,ascoylesd1@who.int,Tanahwangko
Lotty Maybey,lmaybeyd2@acquirethisname.com,Gunungkendeng
Waldo Krug,wkrugd3@fda.gov,Gajiram
Artur Edis,aedisd4@1688.com,Konongo
Townsend Puddan,tpuddand5@globo.com,Coutada
Laetitia Nolot,lnolotd6@purevolume.com,Kokop
Selma Bonny,sbonnyd7@vkontakte.ru,Shitang
Adi Keerl,akeerld8@slate.com,Sulmierzyce
Chrystal Ashwood,cashwoodd9@si.edu,Anjozorobe
Johannes Balog,jbalogda@globo.com,Wenquan
Colas Pegden,cpegdendb@wikia.com,Hongqiao
Reynard Couling,rcoulingdc@smugmug.com,Liudong
Dwight Stonard,dstonarddd@admin.ch,Villa Concepción del Tío
Phil Sugden,psugdende@last.fm,Cloyne
Mike Frankis,mfrankisdf@weather.com,Longwu
Berti Palfreyman,bpalfreymandg@google.nl,Muskegon
Sidonia Bradfield,sbradfielddh@livejournal.com,Danao
Nero Offa,noffadi@cocolog-nifty.com,Galán
Franchot Stroulger,fstroulgerdj@skype.com,Passal
Avie Jose,ajosedk@is.gd,Iaçu
Gawain Gauson,ggausondl@jiathis.com,Benoni
Elmer Fleming,eflemingdm@icq.com,Igboho
Cornelius Fiveash,cfiveashdn@bing.com,Mulan
Abbott Birkenhead,abirkenheaddo@bravesites.com,Xiaoyue
Ingunna Biasini,ibiasinidp@ihg.com,Dongpu
Kore Le Jean,kledq@meetup.com,Bzou
Betta Hundell,bhundelldr@springer.com,Meixian
Roma Leap,rleapds@vistaprint.com,Kardzhin
Doralia Tregian,dtregiandt@google.es,Pukou
Meridel Lowndes,mlowndesdu@issuu.com,Yangdun
Tiffi Heam,theamdv@tripod.com,Constanza
Jorgan Arnold,jarnolddw@trellian.com,Shuijiang
Miguela Butten,mbuttendx@vimeo.com,Jianshe
Laverna Masding,lmasdingdy@paypal.com,Fayzabad
Lynett Maas,lmaasdz@bloomberg.com,Yangirabot
Oralia Selway,oselwaye0@nifty.com,Nedakonice
Kirk Worsfold,kworsfolde1@newsvine.com,Zitong
Esra Gopsall,egopsalle2@seesaa.net,Sezemice
Ernest Petrolli,epetrollie3@moonfruit.com,Tortosendo
Beatrisa Rasher,brashere4@yahoo.co.jp,Galátsi
Tracie Robez,trobeze5@prweb.com,Tor
Brittney Viggers,bviggerse6@who.int,Masachapa
Huntlee Mewton,hmewtone7@reddit.com,Buturlinovka
Killy Senogles,ksenoglese8@godaddy.com,Guixi
Henry Fasey,hfaseye9@mashable.com,Acacías
Kristel Gomez,kgomezea@tripadvisor.com,Mendez-Nuñez
Rosalie McCrae,rmccraeeb@google.com.br,Palcza
Betti Knappe,bknappeec@yahoo.com,Hekou
Jemmie Philpin,jphilpined@tripod.com,Talanga
Steffane Crosfeld,scrosfeldee@zdnet.com,Columbus
Hildy Barkhouse,hbarkhouseef@fda.gov,Lousa
Hayyim Crosser,hcrossereg@usa.gov,Bizhbulyak
Aaron Fludgate,afludgateeh@vkontakte.ru,Morales
Danell Sebright,dsebrightei@gnu.org,Gložan
Jerrilee Phittiplace,jphittiplaceej@1688.com,Bhamo
Wylma Denis,wdenisek@networksolutions.com,Yono
Rouvin Borrie,rborrieel@smh.com.au,Qingping
Juline Bick,jbickem@i2i.jp,Umm Ruwaba
Leland Togwell,ltogwellen@jugem.jp,Xinzhuang
Cherice Busson,cbussoneo@google.com,Malaba
Man Daintier,mdaintierep@quantcast.com,Kalebun
Killy Bastock,kbastockeq@live.com,Wangping
Sella Whyke,swhykeer@facebook.com,Guandukou
Abbey Flear,afleares@constantcontact.com,Sidi Redouane
Claudius Wingrove,cwingroveet@meetup.com,San Fernando
Fergus Duck,fduckeu@cocolog-nifty.com,Tulsa
Allyson Barock,abarockev@virginia.edu,Pembroke
Vanny Coldicott,vcoldicottew@indiegogo.com,Neepawa
Geri MacCawley,gmaccawleyex@admin.ch,Yuracyacu
Wilek McLevie,wmclevieey@opera.com,Staryy Togul
Andrea Edwardson,aedwardsonez@timesonline.co.uk,Abreus
Tuesday Weatherley,tweatherleyf0@businessweek.com,Xiugu
Natalya Reinmar,nreinmarf1@tuttocitta.it,Tallbīsah
Karola Kennicott,kkennicottf2@phpbb.com,Paris 17
Addy Branchett,abranchettf3@unesco.org,Praia das Maçãs
Giorgia Antonioni,gantonionif4@abc.net.au,Barbudo
Sidnee Adshead,sadsheadf5@sitemeter.com,Karangpete
Rosalind Doldon,rdoldonf6@craigslist.org,Parigi
Helge Huggon,hhuggonf7@google.ru,Huibu
Glenine Bullene,gbullenef8@pinterest.com,Krông Kmar
Annadiane Pfaffe,apfaffef9@google.co.uk,Hat Yai
Rhett MacAulay,rmacaulayfa@youtube.com,Viña del Mar
Greg Boot,gbootfb@tuttocitta.it,Pailles
Dirk Bellenger,dbellengerfc@redcross.org,Bangbayang
Maxy Margarson,mmargarsonfd@reddit.com,Tangchijie
Noemi Volks,nvolksfe@themeforest.net,Luopioinen
Randell Josovitz,rjosovitzff@miibeian.gov.cn,Changbao
Thaine Franzke,tfranzkefg@technorati.com,Flor da Mata
Wendye Paley,wpaleyfh@google.com.hk,Dafundo
Malorie Pietraszek,mpietraszekfi@usgs.gov,Linhu
Dyan Guntrip,dguntripfj@google.com,Ghormach
Erroll Jaffa,ejaffafk@yandex.ru,Cisaat
Nils Pietron,npietronfl@fastcompany.com,Diriamba
Joseito Bowller,jbowllerfm@meetup.com,Buena Vista
Ivett MacGillicuddy,imacgillicuddyfn@admin.ch,Amiens
Kennie Sebrens,ksebrensfo@geocities.jp,Lago da Pedra
Jamaal Boas,jboasfp@live.com,Hamburg
Rickie Coch,rcochfq@list-manage.com,Tayasan
Alison Kinchley,akinchleyfr@pcworld.com,Vishnyeva
Sonja Becraft,sbecraftfs@weather.com,London
Cletis Legonidec,clegonidecft@msu.edu,Abastumani
Dolly Shakspeare,dshakspearefu@parallels.com,Ban Phai
Jodie Bedder,jbedderfv@stumbleupon.com,Gros Morne
Vale Durtnall,vdurtnallfw@blogger.com,Taverny
Forrest Arrell,farrellfx@paginegialle.it,Bayan Bulag
Kaja Cowdroy,kcowdroyfy@oaic.gov.au,Nador
Elvera Syder,esyderfz@reuters.com,Kwangmyŏng
Herve Winspare,hwinspareg0@paypal.com,Gununglajang
Deeyn Delacourt,ddelacourtg1@example.com,Richmond
Whitman Buten,wbuteng2@wired.com,Talagante
Gertrudis Muino,gmuinog3@eepurl.com,Sainte-Martine
Ladonna Vassman,lvassmang4@apache.org,Brie-Comte-Robert
Lishe Sharpe,lsharpeg5@weather.com,Erechim
Alberta Geistmann,ageistmanng6@blogs.com,Norrköping
Freeman Hedden,fheddeng7@bluehost.com,Göteborg
Sammie Ogden,sogdeng8@theguardian.com,Nangang
Tracee Begin,tbeging9@netvibes.com,Tengah
Merrel Ellerker,mellerkerga@theguardian.com,Buhe
Melonie Suddards,msuddardsgb@jalbum.net,Soljani
Yvon Spooner,yspoonergc@yandex.ru,Yala
Shanna Keel,skeelgd@google.com,Hollola
Belinda Feeny,bfeenyge@gnu.org,Yongheshi
Ann Cookney,acookneygf@hud.gov,Zhangshui
Leticia Corless,lcorlessgg@ebay.com,Kungsbacka
Eimile Phythean,ephytheangh@amazon.co.jp,São Mateus
Rufe Fitzackerley,rfitzackerleygi@livejournal.com,Jiahe
Avrit Hobble,ahobblegj@pagesperso-orange.fr,Zhifudao
Tony Oddie,toddiegk@biblegateway.com,Xujiahe
Pascale McGee,pmcgeegl@ehow.com,San Isidro
Lorne Whiting,lwhitinggm@pagesperso-orange.fr,Rancapanjang
Kristofor Costin,kcostingn@ft.com,Gampola
Dayle Kopje,dkopjego@spotify.com,Zaojiacheng
Rubina Cutmore,rcutmoregp@facebook.com,Toledo
Shawn Bonnett,sbonnettgq@fastcompany.com,Mbocayaty
Orsola Sebring,osebringgr@devhub.com,Dongluqiao
Kristoforo Clericoates,kclericoatesgs@domainmarket.com,Santa Rosa de Lima
Edlin Macek,emacekgt@illinois.edu,Madura
Arv Klewi,aklewigu@telegraph.co.uk,Miragoâne
Zed Liggens,zliggensgv@toplist.cz,Tópaga
Marris Owbridge,mowbridgegw@printfriendly.com,Mi’ersi
Nowell Hallgate,nhallgategx@dion.ne.jp,Shuicha
Bryana Ragate,bragategy@google.es,Kwaluseni
Karie Schruur,kschruurgz@unicef.org,‘Amrān
Karlotte Brane,kbraneh0@go.com,Sankui
Mal Takos,mtakosh1@paypal.com,Sirnaresmi
Waverley Bone,wboneh2@cargocollective.com,Amparafaravola
Renato Rappa,rrappah3@shop-pro.jp,Jindong
Edgardo Guerra,eguerrah4@wufoo.com,Linköping
Flinn Shakesby,fshakesbyh5@domainmarket.com,Elektrėnai
Riki Putnam,rputnamh6@ebay.com,Luzhany
Grange Gisburne,ggisburneh7@github.io,Louis Trichardt
Marice Terlinden,mterlindenh8@businessinsider.com,Rodolívos
Didi O' Reagan,doh9@unesco.org,Nanyue
Persis Drife,pdrifeha@unicef.org,Ranao
Eolanda Mathen,emathenhb@forbes.com,Mengcheng Chengguanzhen
Sean Chesterton,schestertonhc@nsw.gov.au,Pirajuí
Myles Clines,mclineshd@webmd.com,Ricardo Flores Magon
Heida Deaconson,hdeaconsonhe@theglobeandmail.com,Kīevka
Malissia Greep,mgreephf@list-manage.com,Tococ East
Kenon Jeary,kjearyhg@umn.edu,New Mīrpur
Enriqueta Matitiaho,ematitiahohh@yahoo.com,Sahline
De Saffell,dsaffellhi@ow.ly,Bayaguana
Elvis Isabell,eisabellhj@themeforest.net,Tobatí
Linell Brislane,lbrislanehk@gnu.org,Takaishi
Kettie Marieton,kmarietonhl@baidu.com,Dejen
Ferdy Petracchi,fpetracchihm@topsy.com,San Alberto
Iosep Stuchbury,istuchburyhn@rakuten.co.jp,Moyamba
Evelin Carefull,ecarefullho@cdbaby.com,Ejido
Killie Whittlesey,kwhittleseyhp@tripadvisor.com,Artur Nogueira
Val Balasin,vbalasinhq@sciencedaily.com,Huangjin
Winnifred Fishbie,wfishbiehr@netvibes.com,Nianyushan
Batsheva Kulis,bkulishs@etsy.com,Haparanda
Dania Fould,dfouldht@elegantthemes.com,Prilep
Jdavie De Mico,jdehu@cnet.com,Saint-Marcellin
Ermengarde Bresner,ebresnerhv@admin.ch,Kärdla
Granville Simonsen,gsimonsenhw@homestead.com,Kavála
Bronson Slaymaker,bslaymakerhx@tripod.com,Petaling Jaya
Gal Serot,gserothy@mail.ru,Kibre Mengist
Chevy Patriskson,cpatrisksonhz@google.cn,Malakal
Sloan Farnon,sfarnoni0@scribd.com,Boršice
Kat MacKey,kmackeyi1@fotki.com,Valence
Mayne Clemmitt,mclemmitti2@cnn.com,Presidencia Roque Sáenz Peña
Ricky McSwan,rmcswani3@t.co,Khorostkiv
Kippie Stanyon,kstanyoni4@blogs.com,Marondera
Freida Brady,fbradyi5@hugedomains.com,Czarnowąsy
Xever Cubbinelli,xcubbinellii6@dailymail.co.uk,Surkhakhi
Donnell Wilkes,dwilkesi7@sakura.ne.jp,Piedrancha
Bronson Wandrach,bwandrachi8@dailymotion.com,San Francisco
Domeniga Cumbers,dcumbersi9@wikia.com,Salinggara
Corri Croneen,ccroneenia@prlog.org,Nierumai
Clayborn Strooband,cstroobandib@alibaba.com,Bela Vista
Merle Ubsdall,mubsdallic@nifty.com,Jawornik
Kacie Masseo,kmasseoid@360.cn,Nīkshahr
Ashli Fermor,afermorie@baidu.com,Cibenda
Eleanore D'Alesio,edalesioif@senate.gov,Jurm
Karlis Vaggers,kvaggersig@gravatar.com,Pointe-à-Pitre
Akim Henriquet,ahenriquetih@si.edu,Lagoa do Itaenga
Wade Giraudoux,wgiraudouxii@cmu.edu,Guli
Wilie Duckitt,wduckittij@etsy.com,Pak Phayun
Thomasa Dowbiggin,tdowbigginik@apache.org,Viejo Daan Banua
Jennine Szymanski,jszymanskiil@cmu.edu,Köpingsvik
Pauletta Andrick,pandrickim@reuters.com,Ferapontovo
Spence Dougliss,sdouglissin@biglobe.ne.jp,Majāz al Bāb
Terri-jo Beeres,tbeeresio@irs.gov,Velika Kladuša
Waldon Lafuente,wlafuenteip@domainmarket.com,Banikoara
Ninetta Bruckmann,nbruckmanniq@discovery.com,Rungis
Linette Totton,ltottonir@friendfeed.com,Sulitair
Alexandra Wallis,awallisis@discovery.com,Xinzhai
Gardy Kinnach,gkinnachit@bbb.org,Muhur
Kerrie Cromar,kcromariu@issuu.com,Yangmingbu
Lucina Bursell,lburselliv@loc.gov,Ludu
Hannie Bosward,hboswardiw@washingtonpost.com,Wichita
Kai Gilbee,kgilbeeix@state.gov,Foz Sousa
Dre Sinnatt,dsinnattiy@indiegogo.com,Muaratiga
Hogan McCosh,hmccoshiz@prweb.com,Bislig
Atlanta Yellowlea,ayellowleaj0@hugedomains.com,Isojoki
Meyer Kyllford,mkyllfordj1@sciencedaily.com,Dongkan
Phoebe Gibbard,pgibbardj2@europa.eu,Kesabpur
Penelope Harkus,pharkusj3@naver.com,Flen
Carlos Matschoss,cmatschossj4@exblog.jp,Kōnan
Aggi Killen,akillenj5@instagram.com,Buzuluk
Sylvester Swannick,sswannickj6@dailymotion.com,Suraż
Say Chatenier,schatenierj7@hao123.com,Yun’an
Lamond Iacoboni,liacobonij8@statcounter.com,Kyriáki
Winslow McAster,wmcasterj9@abc.net.au,Shaxi
Ellery Regitz,eregitzja@merriam-webster.com,Ínfias
Gerick Clancy,gclancyjb@t.co,Catanduva
Belita Swenson,bswensonjc@elegantthemes.com,Puutura
Cahra Woolfitt,cwoolfittjd@taobao.com,Quwa
Paco Briscow,pbriscowje@cloudflare.com,Fort Wayne
Mariska Harvard,mharvardjf@github.com,Joinville
Arabele McIlwraith,amcilwraithjg@oakley.com,Dalai
Noel Bortolozzi,nbortolozzijh@mapquest.com,Hŭngnam
Evanne Newbury,enewburyji@huffingtonpost.com,Nowa Ruda
Briny Vater,bvaterjj@epa.gov,Kirs
Emilee Opdenort,eopdenortjk@opensource.org,Santiago
Alford Stuckes,astuckesjl@globo.com,Monte Branco
Levey Theze,lthezejm@cargocollective.com,Mambulo
Sharl McGrayle,smcgraylejn@deliciousdays.com,Ninomiya
Vivyan Seville,vsevillejo@state.gov,Czerniejewo
Shannon Portam,sportamjp@sogou.com,Sunduk
Wallace Chesman,wchesmanjq@archive.org,Cibeureum Satu
Sheffy Sulley,ssulleyjr@shareasale.com,Oeleon
Erin Lippitt,elippittjs@github.io,La Cumbre
Eberhard Mably,emablyjt@hexun.com,Victoria
Annalise Gascoigne,agascoigneju@shinystat.com,Changuinola
Val Bonnin,vbonninjv@deliciousdays.com,Aracaju
Aeriell Skirrow,askirrowjw@utexas.edu,Yayao
Caye Chalder,cchalderjx@oakley.com,Dome
Hannis Pyffe,hpyffejy@cyberchimps.com,Smolyaninovo
Corney Macieja,cmaciejajz@nifty.com,Cedry Wielkie
Tyler Wasbrough,twasbroughk0@salon.com,Höllviken
Eduardo Vockins,evockinsk1@list-manage.com,Gaobeijie
Rasia McMichell,rmcmichellk2@a8.net,Dziemiany
Zorah Hessentaler,zhessentalerk3@webeden.co.uk,Diavatós
Ebenezer Snook,esnookk4@marketwatch.com,Osiek
Lianna Probets,lprobetsk5@rambler.ru,Bīrganj
Harv Kuban,hkubank6@oracle.com,Vera
Hillary Colqueran,hcolquerank7@g.co,Petukhovo
Teodora Skidmore,tskidmorek8@google.cn,Kalahang
Wake MacMichael,wmacmichaelk9@facebook.com,Haiyan
Hobard Calcut,hcalcutka@dell.com,Šmartno pri Litiji
Niels Howard,nhowardkb@bigcartel.com,Lisków
Nat Dowry,ndowrykc@oracle.com,Erling
Jyoti Gauler,jgaulerkd@cnbc.com,Bromma
Tobey Guise,tguiseke@canalblog.com,Jincheng
Sherman Malthouse,smalthousekf@t-online.de,Bauan
Sholom Froude,sfroudekg@instagram.com,Tsuruoka
Roxanna Ruggen,rruggenkh@theglobeandmail.com,Liufang
Amabelle Nozzolii,anozzoliiki@usgs.gov,Wangzha
Rick McLeish,rmcleishkj@amazon.co.jp,Zainsk
Windham Jiranek,wjiranekkk@rakuten.co.jp,Tocota
Nadia Pennings,npenningskl@illinois.edu,Chongru
Maisie Smorthwaite,msmorthwaitekm@people.com.cn,Nishinoomote
Josephine Treffry,jtreffrykn@upenn.edu,Bhalwāl
Niko MacNeilage,nmacneilageko@4shared.com,Kočevje
Charis Derx,cderxkp@alibaba.com,Nova Olímpia
Shay Mannin,smanninkq@google.cn,Morgados
Denny Lapworth,dlapworthkr@pcworld.com,Dazhan
Enrichetta McCobb,emccobbks@pagesperso-orange.fr,Edgeworthstown
Nico Pigot,npigotkt@discuz.net,Saidpur
Daffie Harkin,dharkinku@indiegogo.com,Oslo
Maegan Hanscombe,mhanscombekv@aol.com,Shalushka
Federica Odgaard,fodgaardkw@thetimes.co.uk,Baorixile
Hoyt Obert,hobertkx@ovh.net,Wenping
Felicia Langlands,flanglandsky@youku.com,Prachatice
Smith O'Hannigan,sohannigankz@constantcontact.com,Villach
Perice Fairclough,pfaircloughl0@census.gov,Klumpit
Carmelina Geddis,cgeddisl1@pen.io,Pisang
Nola Capenor,ncapenorl2@canalblog.com,Koesan
Ogden Friberg,ofribergl3@cpanel.net,Mandaluyong City
Zacherie Sommerlie,zsommerliel4@acquirethisname.com,Novosemeykino
Ferdinande Blowick,fblowickl5@google.co.jp,Clermont-Ferrand
Baxy Motte,bmottel6@wordpress.org,Baiquesi
Candy Kadwallider,ckadwalliderl7@webeden.co.uk,Gainesville
Lowe Kienlein,lkienleinl8@ovh.net,Shiyun
Basile Glenwright,bglenwrightl9@cmu.edu,Qianshan
Kristian Tidman,ktidmanla@php.net,Shiqiaotou
Zollie Buckmaster,zbuckmasterlb@is.gd,Muquiyauyo
Cherri Suter,csuterlc@virginia.edu,Qabqir
Bobby Cheetam,bcheetamld@addthis.com,Bang Rak
Craggie Thomelin,cthomelinle@cmu.edu,Talun
Hilton Shah,hshahlf@ebay.com,Krajan Dukuhseti
Clary Diack,cdiacklg@live.com,Manorom
Darrelle Balls,dballslh@unesco.org,Shahrisabz Shahri
Ainslee Tembey,atembeyli@netlog.com,Paris 17
Rori Van Hove,rvanlj@nymag.com,Tumcon Ilawod
Lana Slocomb,lslocomblk@liveinternet.ru,Yaviza
Deane Guerri,dguerrill@blogspot.com,Potelych
Terry Enoch,tenochlm@imageshack.us,Göteborg
Brock Borrington,bborringtonln@seesaa.net,Cibitung
Melina Joesbury,mjoesburylo@msn.com,Ārifwāla
Guenevere Plews,gplewslp@accuweather.com,Shiguai
Ira Lamcken,ilamckenlq@addthis.com,Yŏnmu
Simonette Dmiterko,sdmiterkolr@msu.edu,Augsburg
Kalvin Chritchlow,kchritchlowls@nsw.gov.au,Damiao
Vere Gadesby,vgadesbylt@sbwire.com,La Esperanza
Abram Fibbings,afibbingslu@cargocollective.com,Niquelândia
Cathie Rickword,crickwordlv@yellowpages.com,Messíni
Rosette Dorrian,rdorrianlw@shutterfly.com,Jiufeng
Sawyer Pay,spaylx@google.com.br,Fordon
Yorke Tresvina,ytresvinaly@uol.com.br,Horodyshche
Rey Jackways,rjackwayslz@ftc.gov,Tombatu
Say Croxford,scroxfordm0@miibeian.gov.cn,Pueblo Nuevo Viñas
Lianne Ales0,lalesm1@kickstarter.com,Sankeng
Missy Shalloo,mshalloom2@washingtonpost.com,Āsmār
Rawley Siddall,rsiddallm3@people.com.cn,Toukh
Germaine Jarvie,gjarviem4@cloudflare.com,Bŭka
Nate Pakes,npakesm5@canalblog.com,Mosquera
Alyosha Massy,amassym6@ucla.edu,Abua
Sasha Murrey,smurreym7@vkontakte.ru,Sumbergayam
Lucius Bucknill,lbucknillm8@yolasite.com,Vanadzor
Ulrica Romero,uromerom9@printfriendly.com,Xiaojiezi
Jarred Ventham,jventhamma@homestead.com,Santo Ângelo
Rolf Jozefiak,rjozefiakmb@usatoday.com,Ouangani
Robby Oxenden,roxendenmc@pcworld.com,Navatat
Courtenay Cohan,ccohanmd@macromedia.com,Wenci
Conny Pledge,cpledgeme@statcounter.com,La Trinidad
Shaina Meffan,smeffanmf@harvard.edu,Lazaro Cardenas
Traci Trusler,ttruslermg@army.mil,Sanquan
Bradan Gallard,bgallardmh@reference.com,Xianghe
Leo Chad,lchadmi@dailymail.co.uk,Xiaomei
Jesus Amys,jamysmj@blogger.com,Glamang
Harbert Dotson,hdotsonmk@ihg.com,Vlachovice
Sharyl Huddles,shuddlesml@epa.gov,Borovikha
Ripley Grazier,rgraziermm@nasa.gov,Geumpang
Demetre Davson,ddavsonmn@elpais.com,Almafuerte
Tamas Schrader,tschradermo@facebook.com,Ngrejo
Immanuel Drakard,idrakardmp@ocn.ne.jp,Senduro
Burr Wallage,bwallagemq@stanford.edu,Hodkovičky
Cheston Cayette,ccayettemr@google.es,Bolondrón
Donalt Aps,dapsms@google.co.jp,Yūki
West Lyddiard,wlyddiardmt@howstuffworks.com,Tucumã
Perkin Grimston,pgrimstonmu@discuz.net,Nelson
Gottfried Shillabear,gshillabearmv@ed.gov,Sonlit
Meridith Cawsy,mcawsymw@livejournal.com,Ţahţā
Licha Garrand,lgarrandmx@thetimes.co.uk,Dobre
Sid Carville,scarvillemy@cnbc.com,Bindura
Guglielma Hollow,ghollowmz@bbc.co.uk,Aganan
Clementia Betts,cbettsn0@unesco.org,Gonghe
Viviana McCoy,vmccoyn1@flavors.me,Qīr Moāv
Elmira Bernakiewicz,ebernakiewiczn2@army.mil,Monguno
Bennie Slaten,bslatenn3@networkadvertising.org,Toulon
Ruby Ilchuk,rilchukn4@dailymail.co.uk,Mocho
Stormi Byram,sbyramn5@walmart.com,Lyalichi
Martyn Dibbert,mdibbertn6@cloudflare.com,Lysice
Taite Lamboll,tlambolln7@businessinsider.com,Dardhas
Elliot Francombe,efrancomben8@friendfeed.com,Krasnogvardeyets
Sibylla Tezure,stezuren9@weibo.com,Attard
Vinnie Willcot,vwillcotna@technorati.com,Huancarqui
Brandais Parmby,bparmbynb@google.pl,Yangzhuang
Michaeline Ferreri,mferrerinc@gnu.org,Langxi
Nanette Yosevitz,nyosevitznd@t.co,Kota Kinabalu
Susann Robertis,srobertisne@bbb.org,Cancela
Forster Lowdham,flowdhamnf@issuu.com,Tučepi
Neville Kilner,nkilnerng@tripod.com,Księżpol
Yolande Bradburne,ybradburnenh@symantec.com,Bairro
Lolly Stainton,lstaintonni@dell.com,Jebba
Janeczka Sindle,jsindlenj@stanford.edu,Indang
Koressa Sieghart,ksieghartnk@biblegateway.com,Västervik
Rahal Rackstraw,rrackstrawnl@jalbum.net,Petrodvorets
Maressa Pegler,mpeglernm@buzzfeed.com,Magnitogorsk
Leone Jefferd,ljefferdnn@washington.edu,Sanjiao
Loria Gecke,lgeckeno@ihg.com,Kyra
Blinni Sharpin,bsharpinnp@free.fr,Huangqu
Aharon Rex,arexnq@seattletimes.com,Cho-airong
Dosi Vasser,dvassernr@wikimedia.org,Pirapozinho
Lorne Gussin,lgussinns@ustream.tv,Brněnec
Terrence Puddin,tpuddinnt@loc.gov,Soi Dao
Thebault Naisey,tnaiseynu@columbia.edu,Jubung
Ludovico Geroldi,lgeroldinv@pen.io,Martyush
Hallie Altham,halthamnw@tmall.com,Sanquan
Killie Frostdick,kfrostdicknx@sbwire.com,Ongi
Renault Dufaire,rdufaireny@answers.com,Gozdnica
Amargo Bownass,abownassnz@dagondesign.com,Binglincha
Risa Hele,rheleo0@amazon.co.uk,Tajike’abati
Alyce Sword,aswordo1@meetup.com,Yanwukou
Karry Caveill,kcaveillo2@addthis.com,Lyubeshiv
Karia Beange,kbeangeo3@apple.com,Santa Cruz de Guacas
Northrup Ioannidis,nioannidiso4@microsoft.com,Buliran
Elfie Botham,ebothamo5@oracle.com,Kaabong
Eudora Maryott,emaryotto6@sun.com,El Bolsón
Pietra Roubeix,proubeixo7@ebay.com,Goworowo
Raimundo Ilett,riletto8@godaddy.com,Sagay
Catha Rusk,crusko9@liveinternet.ru,Barranca
Reinhold Raselles,rrasellesoa@si.edu,Velikiy Ustyug
Maryl Massy,mmassyob@nih.gov,Laï
Stepha Lathleiffure,slathleiffureoc@wikia.com,Cunday
Betta Lambdon,blambdonod@ft.com,Kabir
Heath Dibner,hdibneroe@is.gd,Dagar
Dyna Clarycott,dclarycottof@ibm.com,Esperalvillo
Conny Binham,cbinhamog@com.com,Fujiayan
Pietrek Grisard,pgrisardoh@simplemachines.org,Kalkara
Gloriane Witherow,gwitherowoi@twitpic.com,Tamamura
Laina Pfeffer,lpfefferoj@biblegateway.com,Acaraú
Quintus Braunfeld,qbraunfeldok@about.com,Waco
Deane Crollman,dcrollmanol@unc.edu,Aurelliana
Bee Spavins,bspavinsom@dion.ne.jp,Sanchahe
Naomi Elsie,nelsieon@miibeian.gov.cn,Ivanovskoye
Nicolais Gurery,ngureryoo@purevolume.com,Saint-Julien-en-Genevois
Penelope Deeprose,pdeeproseop@mapquest.com,Zhongshan
Malanie Pedrielli,mpedriellioq@springer.com,Komsomolets
Brennan Kilgour,bkilgouror@hp.com,Trzcianka
Katy Franzotto,kfranzottoos@free.fr,Lalmanirhat
Glendon Pendlebury,gpendleburyot@aol.com,Kipushi
Bartholomeus Gilston,bgilstonou@netlog.com,Ujae
Kylen Charleston,kcharlestonov@cocolog-nifty.com,Nazareth
Lia Mathiot,lmathiotow@free.fr,Kertosari
Tabitha Nolte,tnolteox@blog.com,Junín
Alexio Brandenburg,abrandenburgoy@squidoo.com,Qijiang
Merrielle Primo,mprimooz@altervista.org,Taremskoye
Bessie Strowan,bstrowanp0@mail.ru,Pacajus
Sonnnie Boas,sboasp1@issuu.com,Youchou
Sayres Wheatcroft,swheatcroftp2@addthis.com,Zhoutou
Derril Ingleby,dinglebyp3@surveymonkey.com,Guohe
Mollie Sadler,msadlerp4@ucsd.edu,Sorol
Tedman Ambrodi,tambrodip5@trellian.com,Providence
Cynthie Maddox,cmaddoxp6@issuu.com,Farranacoush
Tymon Mapowder,tmapowderp7@cisco.com,Bodzechów
Belva Prendiville,bprendivillep8@illinois.edu,Sandayong Sur
Heinrik Lillie,hlilliep9@opera.com,Nanhai
Dorothy Argue,darguepa@marketwatch.com,Subotica
Desmond Minigo,dminigopb@tmall.com,Granada
Candie Petracco,cpetraccopc@com.com,Pengwan
Gabe Dignam,gdignampd@linkedin.com,Médanos
Dawna Cappel,dcappelpe@pagesperso-orange.fr,Portet-sur-Garonne
Rayner Banes,rbanespf@bizjournals.com,Saky
Lorant Edwin,ledwinpg@loc.gov,Tysmenychany
Leeanne Meany,lmeanyph@drupal.org,Nazran’
Martino Jansky,mjanskypi@sun.com,Tinaco
Byram McGarva,bmcgarvapj@salon.com,Matiompong
Averell Dadge,adadgepk@imgur.com,Lampitak
Penni Pietrowicz,ppietrowiczpl@plala.or.jp,Huangzhai
Kalle Noyce,knoycepm@psu.edu,Prusice
Damita Hubeaux,dhubeauxpn@gmpg.org,Roanoke
Jennine Presser,jpresserpo@ycombinator.com,Lanigan
Chance Beevers,cbeeverspp@amazon.de,General Pico
Adelina Dmitrichenko,admitrichenkopq@amazon.de,Birendranagar
Brigitta Blanko,bblankopr@goodreads.com,Candelaria
Casar O'Collopy,cocollopyps@live.com,Pokhara
Arleta Pennick,apennickpt@blogspot.com,Canchayllo
Sheba Myott,smyottpu@columbia.edu,Fenhe
Shellie Long,slongpv@cmu.edu,Cidahu
Kailey Mulvany,kmulvanypw@google.nl,Wenping
Flossie Penfold,fpenfoldpx@disqus.com,Heyin
Lacie Frosdick,lfrosdickpy@hibu.com,Baalbek
Blanca Load,bloadpz@soundcloud.com,El Banco
Hilly Tingey,htingeyq0@archive.org,Lac-Mégantic
Audrey Eckery,aeckeryq1@nsw.gov.au,Banjar Taro Kelod
Augustin Cleyne,acleyneq2@scientificamerican.com,Brusque
Guillemette Dukes,gdukesq3@soundcloud.com,Kadipaten
Kelly Afield,kafieldq4@woothemes.com,Glória do Goitá
Loralyn Macon,lmaconq5@elpais.com,Khatsyezhyna
Fanya Maffi,fmaffiq6@ucsd.edu,Mancos
Rafa Venning,rvenningq7@123-reg.co.uk,Nyandoma
Prent Biesinger,pbiesingerq8@t-online.de,Kampen (Overijssel)
Willi Brunt,wbruntq9@illinois.edu,Al Jadīd
Antonie Tythacott,atythacottqa@tmall.com,Phôngsali
Edie Hembling,ehemblingqb@geocities.jp,Longbu
Corliss Duffil,cduffilqc@scientificamerican.com,Chang’an
Manon Adamczyk,madamczykqd@yolasite.com,Winston Salem
Gussi Pilsbury,gpilsburyqe@china.com.cn,Kangding
Sophey Varian,svarianqf@list-manage.com,Jiajiaying
Carilyn Ottosen,cottosenqg@behance.net,Kayasula
Lindsey Edens,ledensqh@spiegel.de,Maanas
Reed Melsom,rmelsomqi@paypal.com,Huaqiu
Janessa Searjeant,jsearjeantqj@drupal.org,Colonia Wanda
Grantham Bignold,gbignoldqk@shop-pro.jp,Ángeles
Tiffanie Savill,tsavillql@topsy.com,Dubna
Sky Castrillo,scastrilloqm@adobe.com,Bouabout
Sadie Harmar,sharmarqn@facebook.com,Qozonketkan
Gertrud Slowcock,gslowcockqo@wikispaces.com,Klatakan
Kareem Ibbitson,kibbitsonqp@techcrunch.com,Salcedo
Joelle Kitteringham,jkitteringhamqq@reverbnation.com,Dowsk
Federica Reymers,freymersqr@360.cn,Enonkoski
Karen Mullin,kmullinqs@webnode.com,Laoliangcang
Eugenio Premble,eprembleqt@state.gov,Jurva
Porty Guillerman,pguillermanqu@thetimes.co.uk,Rat Burana
Shirleen Teeney,steeneyqv@sciencedaily.com,Sedlice
Augustine Allright,aallrightqw@alexa.com,Majāz al Bāb
Glennis Yakobowitz,gyakobowitzqx@friendfeed.com,Siso
Webster Aldrich,waldrichqy@boston.com,Contagem
Kellina Brandel,kbrandelqz@mlb.com,La Playosa
Morie Maleby,mmalebyr0@nytimes.com,Mīr Bachah Kōṯ
Michaella Iggalden,miggaldenr1@devhub.com,Tunggaoen Timur
Penni Cauley,pcauleyr2@fastcompany.com,Brasília
Mycah Pennicard,mpennicardr3@chicagotribune.com,Sykiés
Eleanora Dougherty,edoughertyr4@arizona.edu,Orivesi
Emili Longstaffe,elongstaffer5@de.vu,Cikujang
Tab McCart,tmccartr6@fastcompany.com,Trpinja
Laureen Chasmer,lchasmerr7@phoca.cz,Longos
Judi Basezzi,jbasezzir8@networksolutions.com,Areni
Fletcher Hindsberg,fhindsbergr9@ihg.com,Suci Kaler
Jessy Addicote,jaddicotera@wiley.com,Raposeira
Jacqueline Hynard,jhynardrb@scribd.com,Mayapusi
Gram MacGray,gmacgrayrc@state.gov,Tyszowce
Kareem McEllen,kmcellenrd@mtv.com,As Sālimīyah
Sam Aleksankov,saleksankovre@illinois.edu,Nanfeng
Myrwyn Poynton,mpoyntonrf@wiley.com,Ansongo
Berte Andren,bandrenrg@wikipedia.org,Lipa City
Paxton O'Suaird,posuairdrh@miitbeian.gov.cn,San Miguel de Tucumán
Dee Murname,dmurnameri@gravatar.com,Yŏnmu
Biddie Beardwell,bbeardwellrj@miitbeian.gov.cn,Wielka Wieś
Brandy Zanicchelli,bzanicchellirk@51.la,Balatero
Gilly Ricks,gricksrl@baidu.com,Foxton
Gertruda Nucator,gnucatorrm@dot.gov,Bomadi
Danette Leaning,dleaningrn@smh.com.au,Ghāt
Diannne Vaughn,dvaughnro@google.cn,Minien East
Philbert Killingbeck,pkillingbeckrp@pen.io,Lekas
Paloma Ferri,pferrirq@yolasite.com,Tangwāni
Darbee Minichillo,dminichillorr@msn.com,La Cruz
